{"webhook":"","webhook_settings":{"spins":false,"autohop":false,"scrolls":false},"client":{"bypass_movement":false,"jump_power":50,"jump_power_enabled":false,"walk_speed":16,"walk_speed_enabled":false},"spins":{"bloodlines":["shindairengokuyang","tengokuplatinum"],"elements_spins":[],"kenjutsus":[],"kenjutsu_spin":false,"auto_save_on_claim":false,"bloodlines_spins":[true,true,true,true],"spins_check_size":0,"auto_rejoin_on_spins_check":false,"elements":[],"auto_rejoin":true},"missions":["mobs"],"configuration":{"autohop":{"enabled":false,"targets":[],"stop_on_target":false,"use_codes":true,"start":1655310728,"used_codes":[],"target":"gates"},"auto_rank":true,"no_cd_priority":true,"no_cd_working":false,"no_cd":false,"spins_check_size":0,"spam_enabled":false,"semigm":false,"spam_keys_missions":false,"auto_rank_prestige":true,"distances":{"y":0,"x":5},"auto_save_on_claim":false,"auto_rejoin_on_spins_check":false,"spam_keys":{"Q":true,"E":false,"Z":false},"disable_effects":false},"dungeons":{"place":"[Training Grounds]","enabled":false,"do_all":false,"difficulty":"easy"},"pc":1655310729,"scrolls":{"enabled":false,"ignore":false,"modes":false,"companions":false},"esps":{"stamina":true,"enabled":false,"health":true,"distance":false,"mode":true,"chakra":true},"places":{"6901575446":"[RPG] Village: Tempest","5447073001":"[RPG] Forest of Embers","5451401540":"[RPG] Shindai Valley","5084678830":"[RPG] Village: Storm","4601350656":"[RPG] Village: Nimbus","6341670805":"[RPG] Conquest","7214033433":"[EVENT] Forged Rengoku","6986372023":"[RPG] Village: Ember 250 YC","5451410109":"[RPG] Apartments","5431069982":"[RPG] Dawn Hideout","5431071837":"[RPG] Training","4601350214":"[RPG] Village: Ember","4601350809":"[RPG] Village: Obelisk ","4601350394":"[RPG] Village: Dunes","9310522814":"[EVENT] Last Fight","7923764447":"[RPG] Village: Jejunes","8184506020":"[RPG] Mentor Training","7534339269":"[EVENT] Shindai Rengoku","7524811367":"[RPG] Dungeons","7524809704":"[RPG] Dungeon Matchmaking","5943872934":"[RPG] Shindo World","6602058266":"[RPG] Tournament System","4601350760":"[RPG] Village: Haze","6984568732":"[EVENT] Destroyed Ember","5451405681":"[RPG] Village: Vinland","8472733618":"[EVENT] Kagoku","5451398863":"[RPG] Great Narumaki Bridge"},"new_spin_object":{"kgs":{"spins":[],"has_gamepass":{"3":false,"4":false},"selected":[],"spin_key":"kg"},"elements":{"spins":[],"has_gamepass":{"3":false,"4":false},"selected":[],"spin_key":"element"}}}