{"client":{"bypass_movement":false,"jump_power":50,"jump_power_enabled":false,"walk_speed":16,"walk_speed_enabled":false},"spins":{"bloodlines":["shindairengokuyang","tengokuplatinum"],"elements_spins":[false,false,false,false],"kenjutsus":[],"kenjutsu_spin":false,"auto_save_on_claim":false,"bloodlines_spins":[false,false,false,false],"spins_check_size":0,"auto_rejoin_on_spins_check":false,"elements":[],"auto_rejoin":true},"missions":["Bankai Akuma","Dio Senko","Forged Akuma","Pts Raion","Raion Akuma","Sarachia Akuma","Satori Akuma","Pts Deva","Eastwood Korashi","Ghost Azarashi"],"webhook_settings":{"spins":false,"autohop":false,"scrolls":false,"reminder":false},"webhook":"","configuration":{"spam_keys":{"Q":true,"E":false,"Z":false},"auto_save_on_claim":false,"autohop":{"enabled":false,"targets":[],"stop_on_target":false,"use_codes":true,"start":1673320356,"used_codes":[],"target":"gates"},"no_cd_working":false,"no_cd":false,"no_cd_priority":true,"auto_rank":false,"spam_enabled":false,"semigm":false,"spam_keys_missions":true,"auto_rank_prestige":true,"distances":{"y":0,"x":5},"inf_mode":false,"auto_rejoin_on_spins_check":false,"spins_check_size":0,"disable_effects":false},"dungeons":{"place":"[Training Grounds]","enabled":false,"do_all":false,"difficulty":"easy"},"places":{"7534339269":"[EVENT] Shindai Rengoku","5664805984":"[RPG] Competitive Queue","6901575446":"[RPG] Village: Tempest","5447073001":"[RPG] Forest of Embers","5451401540":"[RPG] Shindai Valley","5431069982":"[RPG] Dawn Hideout","5431071837":"[RPG] Training Field","4601350656":"[RPG] Village: Nimbus","8184506020":"[PvE] Mentor Training","7214033433":"[EVENT] Forged Rengoku","5664803952":"[RPG] Competitive Pads","4601350394":"[RPG] Village: Dunes","9310522814":"[EVENT] Last Fight","6986372023":"[RPG] Village: Blaze","7923764447":"[RPG] Village: Jejunes","7524809704":"[PvE] Dungeon Matchmaking","7524811367":"[PvE] Dungeons","6984568732":"[EVENT] Destroyed Ember","6505734854":"[PvE] Great Shindo War","6602103757":"[RPG] Shikai Forest","4601350214":"[RPG] Village: Ember","4601350809":"[RPG] Village: Obelisk ","5824792748":"[RPG] Ryuji Cave","5451398863":"[RPG] Great Narumaki Bridge","5255237254":"[RPG] Mount Maki","4601350760":"[RPG] Village: Haze","5451405681":"[RPG] Village: Vinland","8472733618":"[EVENT] Kagoku"},"scrolls":{"enabled":true,"ignore":false,"modes":false,"companions":false},"pc":1658139598,"esps":{"stamina":true,"enabled":true,"health":true,"distance":false,"mode":true,"chakra":true},"autofarm":{"enabled":false,"id":4601350214},"new_spin_object":{"kgs":{"spins":[false,false,false,false],"has_gamepass":[true,true,true,true],"selected":[],"spin_key":"kg"},"elements":{"spins":[false,false,false,false],"has_gamepass":[true,true,true,true],"selected":[],"spin_key":"element"}}}