{"HealPersen":25,"Auto Saber":false,"ESP":{"Players":false,"Chests":false,"Islands":false,"Dealers":false,"Fruits":false},"AutoFarmBoss":{"Select":"Warden [Lv. 220] [Boss]","Method":"Normal","Active":false},"AutoStats":{"Melee":true,"Defense":true,"Sword":false,"Fruit":false,"Gun":false},"AutoBuyColorsHaki":false,"AutoRengoku":false,"Auto DeathStep":false,"AutoDarkDragger":{"Method":"Normal","Active":false},"AutoBuyDevilFruit":{"Fruit":[],"Active":false},"Weapon":"Combat","FarmAllBoss":{"Method":"Normal","Active":false},"AutoCakePrince":{"Method":"Normal","Active":false},"Auto Pole v1":{"Method":"Normal","Active":false},"BringMob":true,"AutoSerpentBow":{"Method":"Normal","Active":false},"EvoV3":{"Mink":false},"Auto TrueTripleKatana":false,"AutoEquipAccessory":false,"AutoFarmKen":{"Method":"Normal","Delay":60,"Active":false},"AutoBuyLegendarySword":false,"SkillActive":["Z","X","C","V"],"AutoHallowScythe":{"Method":"Normal","Active":false},"Auto Superhuman":false,"AutoActiveBuso":true,"FastAttackDelay":"0.175","AutoFactory":{"Method":"Normal","Active":false},"DistanceZ":0,"AutoNextSea":false,"DistanceY":30,"Team":"Pirates","AutoYamaSword":false,"AutoBuddySword":{"Method":"Normal","Active":false},"AutoRandomBone":false,"AutoStoreFruit":false,"AutoTushitaSword":false,"Auto SharkmanKarate":false,"AutoRandomFruit":false,"Auto DragonTalon":false,"DistanceX":0,"AutoRejoin":false,"AutoFarm":{"Option":"Normal","Method":"Level [Quest]","Active":true},"AutoCanvander":{"Method":"Normal","Active":false},"InfAgility":false,"FastAttack":true,"Auto ElectricClaw":false,"Auto EliteBoss":{"Method":"Normal","Active":false}}