{"AutoSetSpawn":false,"AutoRunner":false,"AutoFarm":false,"AimbotType":"Aimbot","BoatBoostSpeed":100,"AutoStatsMelee":false,"AutoRaceV2":false,"AutoHallowScythe":false,"AutoPlayerHunter":false,"MobAura":false,"AimbotRange":100,"BringMob":false,"AutoFindGear":false,"Webhook":"","AutoComboFile":"NONE","AFLevelInfo":"1","AutoFarmMastery":false,"ESPFruit":false,"AutoThirdSea":false,"AutoCakeKing":false,"ESPMirageIsland":false,"AutoBartiloQuest":false,"AutoDarkDagger":false,"NoMirrageIslandFog":false,"AutoTerrorShark":false,"AutoSeaBeast":false,"RaidKillAura":false,"AutoNextIsland":false,"AutoRejoin":false,"TargetEnemieHealth":30,"AutoSpikeyTrident":false,"AutoAwakening":false,"CustomLevel":false,"AutoKillBoss":false,"LevelSeaEvent":"Level 1","AutoBuso":false,"AutoComboStartKeybind":"G","ESPPlayer":false,"AutoElectricClaw":false,"AutoFarmMasteryType":"Blox Fruit","ModifyBoatSpeed":false,"AutoEliteHunter":false,"AutoRaceV4":false,"AutoSeaEvent":false,"AutoEnchanmentHaki":false,"AFKMode":false,"AutoStatsFruit":false,"AutoCombo":false,"version":"skid.0.3","AutoFactroy":false,"Weapon":"Melee","AutoSaber":false,"ESPFlower":false,"AimbotTarget":"Roblox","AutoStatsGun":false,"AutoStatsDefense":false,"InfEnergy":false,"AutoLegendarySword":false,"AutoHideBoat":false,"ESPKitsuneIsland":false,"AutoStoreFruit":false,"WalkOnWater":false,"TargetBossName":"","AutoSecondSea":false,"AutoComboCancelKeybind":"F","SpinFruit":false,"MultipleQuest":false,"AutoCastleRaid":false,"AutoRaceV3":false,"Aimbot":false,"ESPAzureEmbers":false,"AutoStatsSword":false,"AutoRipindra":false,"AutoBuddySword":false}