{"Auto Mrs. Mother":{"Option":"Normal","Active":false},"Auto Mom Blade":{"Option":"Normal","Active":false},"AutoBuyFruit":false,"Auto Stats":{"Sword":false,"Fruit":false,"Defense":false,"Melee":false},"FarmType":1,"Auto HellSword":{"Option":"Normal","Active":false},"Distance":5,"AutoNextSea":false,"ESP":{"Fruits":false,"Players":false},"AutoFarmLevel":false,"Bring Fruit":false,"Auto Kaido":{"Option":"Normal","Active":false},"AutoDungeon":false,"Auto SeaKing":{"Option":"Normal","Active":false},"Auto GhostShip":{"Option":"Normal","Active":false},"SelectFruitToBuying":"","Auto Expert Swordman":{"Option":"Normal","Active":false},"WeaponType":["Melee"],"Other Setting":{"SelectSkill":["Z","X","C","V","B"],"LevelLockClose":false,"LevelCap":3400,"BusoHaki":true,"Auto BusoHaki":true,"AutoSkill":true},"SelectDifficulty":"Easy"}