{"Collect Fruits":false,"Optional Distance":"","Unlock Seconds Sea":false,"WhiteScreen":false,"Distance":10,"Angel V2":false,"Kill All Boss":false,"Expert Killed":false,"Passive Tree":false,"Bring Mobs":true,"Auto Store Fruit":false,"Weapon":{"Fruit Power":false,"Sword":false,"Combat":true},"Buy Key Fruit":false,"start_accesorries":false,"Auto Raid":false,"Auto Quest":false,"AutoCraft":false,"Auto Dungeon":false,"Defense Stats":false,"Armament Haki":true,"Buy Fruit":false,"Sword Stats":false,"SelectWeaponDungeon":1,"BuyFruit_Y":false,"Auto Skills":false,"Fruit Stats":false,"Auto Select Boss":false,"SelectCraft":"Glacier Stone","Inputed Job Id":"","Start Daily Quest":false,"Position":"Above","Melee Stats":false,"Farm Near":false,"Ken Haki":false,"Skills":{"X":true,"C":true,"Z":true,"E":false,"B":false,"V":true},"Farm Material":false,"Farm Level":false}