{"Inputed Job Id":"","Buy Key Fruit":false,"start_accesorries":false,"Farm Near":false,"Auto Skills":false,"Optional Distance":"","Auto Quest":false,"Weapon":"Combat","Collect Fruits":false,"Auto Select Boss":false,"Position":"Above","Auto Raid":false,"Buy Fruit":false,"Armament Haki":false,"Kill All Boss":false,"Sword Stats":false,"Unlock Seconds Sea":false,"Start Daily Quest":false,"Ken Haki":false,"Defense Stats":false,"Fruit Stats":false,"Distance":10,"Melee Stats":false,"Farm Material":false,"Angel V2":false,"Expert Killed":false,"Passive Tree":false,"Bring Mobs":false,"Skills":{"X":true,"C":true,"Z":true,"E":false,"B":false,"V":true},"Auto Store Fruit":false,"Farm Level":false}