{"Auto Spin Crate":false,"Auto Lantern Keeper [$1000]":false,"Auto Buy Totem":false,"Reduce Lag":false,"Allow Ping On Ping Message/ID":false,"Choose Zone Event  ":"","Auto Chiseler":false,"Auto Claim Crab Cage":false,"Count Buy":"","Auto Tap Loading Screen":false,"Select Zones":"","Until Shiny":false,"Infinite Jump":false,"Choose Totem Delay":"","Until Sparkling":false,"Choose List Rod":"","Unrender Players Crab Cage":false,"Webhook Caught":false,"Anti-Staff":false,"Auto Use Totem Delay":false,"Enable Walkspeed":false,"Delay To Use Totem":"4","Auto Buy Luck":false,"Remove Fog":false,"Auto Lantern Keeper [$500]":false,"Unrender All Tool":false,"Amount Buy":"","Choose Crate  ":"","Auto Collect Lantern":false,"Auto Teleport To Zone":false,"ESP Player":false,"Auto Teleport To Mode":false,"Auto Drill Lava Crystal":false,"CTRL + Click to Teleport":false,"Auto Favourite All":false,"Auto Accept Trade":false,"Auto Enchant Altar":false,"Choose Buy Shop ":"","Auto Get Sunken Treasure":false,"Auto Summon Whale":false,"Auto Buy Desolate Crates":false,"ESP Event Zone":false,"Set Speed":"","Anti-Swim":false,"Infinite Oxygen":true,"Instant Bobber":false,"ESP Zones":false,"Choose NPCs":"","Ping Message/ID":"","Fish Name   ":"","Auto Bestiary Map":false,"Auto Farm Zones":false,"Choose Player Trade":"","Choose Rarity":[""],"Auto UnFavourite All":false,"Auto Rod":false,"Give Fish Name":"","Freeze Body":false,"Use Totem At Day":"","Choose Enchant":"","Select Event":[""],"Fish Name         ":"","Choose Totem  ":"","Allow Use Equip":false,"Auto Farm Event":false,"Auto Nuke Minigame":false,"Lock Position":false,"Delay To Buy Totem":"4","Auto Trade Player":false,"Tool Name   ":"","Auto Drill Ice Crystal":false,"Choose Bestiary Map":"","Auto Use Nuke":false,"Auto Sell Fish":false,"Auto Reconnect":false,"Job ID":"","Ignore Favourited":false,"Notification Spawned Event Zone":false,"Disable Inventory UI":false,"Hide Identity":false,"Auto Place Crab Cage":false,"Auto Use Totem":false,"Prevent Temperature":true,"Choose Rod ":"","Walk On Water":false,"Super Instant Reel":false,"Full Bright":false,"Auto Sell In Hand":false,"Fish Name ":"","Choose Totem":"","Auto Buy Relic":false,"Hide Notification":false,"Auto Appraise":false,"Auto Buy Crab Cage":false,"Auto Angler Quests":false,"Auto Equip Bait":false,"Webhook Caught Rarity":false,"Boost FPS":false,"Farm Shake Version":"","Auto UnFavourite":false,"Auto Use Totem Night/Day":false,"Auto Cast":false,"Auto Favourite":false,"Auto Shake":false,"Bypass Gameplay Paused":false,"Farm Reel Mode":"","Auto Get Heaven's Rod":false,"Auto Collect Meteor":false,"ESP Bobber":false,"ESP Island":false,"Auto Give To Player":false,"Auto Drill Obsidians":false,"Auto Meteor (Fully)":false,"Show Screen White":false,"Sell Fish Name":"","Webhook Stats":false,"Auto Equip Rod":false,"Teleport Mode":"","Webhook URL":"","Unrender Fish":false,"Delay To Send":"","Choose Interactable":"","Choose Bait":"","Choose Island":"","Auto Sell All":false,"Auto Summon Megalodon":false,"Auto Pierre Quests":false,"Count Buy  ":"","Auto Fix Treasure Map":false,"Auto Buy Ancient Crates":false,"Use Totem At Night":"","Auto Buy Moosewood Crates":false,"Auto Activate Tool":false,"Prevent Perfect Catches":false,"Show Screen Black":false,"Auto Get Treasure Chest":false,"Auto Fillionaire":false,"Auto Buy Bait Crate":false,"No Clip":false,"Choose Weight Name":[""],"Choose Mutation":[""],"Auto Prevent Crab Cage":false,"Auto Get Crystal":false,"Auto Nuke (Fully)":false,"Auto Equip Random Bait":false,"Auto Reel":false}