{"Auto Shake":false,"Auto Buy Totem":false,"Reduce Lag":false,"Auto Magma Rod":false,"Auto Ingredients":false,"Allow Use Shiny":false,"Auto Chiseler":false,"Auto Claim Crab Cage":false,"Auto Buy Quality Bait Crate [525$]":false,"Auto Tap Loading Screen":false,"Auto Farm Fish":false,"Auto Cast Zone":false,"Dupe Rod Passive":false,"Infinite Jump":false,"Auto Use Totem Until Spawn Zone":false,"Walk On Water":true,"Dupe Royal Escort":false,"Auto Phoenix Rod":false,"Unrender Players Crab Cage":false,"Auto Kings Rod":false,"Auto Buy Relic [11,000C$]":false,"Anti-Staff":false,"Auto Trade Player":false,"Enable Walkspeed":false,"Allow Use Mutation":false,"Remove Fog":false,"Auto Sell Fish":false,"Auto Place Crab Cage":false,"Auto Use Totem":false,"Allow Use Weight":false,"Notification Spawned Event Zone":false,"Auto Nuke Minigame":false,"Auto Sell In Hand":false,"Auto Complete Pierre":false,"Auto Accept Trade":false,"Auto Collect Meteor":false,"Allow Use Sparkling":false,"Auto Enchant Altar":false,"Auto Buy Crab Cage":false,"CTRL + Click to Teleport":false,"Auto Equip Bait":false,"Webhook Caught Rarity":false,"Auto Relic Rod":false,"Auto Appraise":false,"Auto Collect Fragment":false,"Auto Buy Bait Crate":false,"Auto Cast":false,"Auto Give To Player":false,"Auto Meteor (Fully)":false,"Auto Appraise Mutation":false,"Auto Favourite Fish":false,"Prevent Perfect Catches":false,"Auto Fungal Rod":false,"Auto Infinite Totem Delay":false,"Auto Get Treasure Chest":false,"Remove Blur":false,"Dupe Wisdom":false,"Auto UnFavourite Fish":false,"Show Screen White":false,"Webhook Caught":false,"Send Webhook Stats":false,"Auto Farm Bones":false,"Auto Scurvy Rod":false,"Auto Angler Quests":false,"Auto Trident Rod":false,"Auto Buy Luck [5,000C$]":false,"Auto Fix Treasure Map":false,"Anti-Swim":true,"Infinite Oxygen":true,"Auto Sell All":false,"Auto Summon Megalodon":false,"Auto Farm Zone Event":false,"Auto Infinite Totem Day/Night":false,"Auto Buy Coral Geode [600$]":false,"Auto Claim Advent Calendar":false,"Auto Reconnect":false,"Allow Ping On Ping Message/ID":false,"Auto Ingredients Pot":false,"Auto Bestiary Map":false,"Show Screen Black":false,"Boost FPS":false,"Auto Fillionaire":false,"Auto Prevent Crab Cage":false,"No Clip":false,"Hide Notification":false,"Freeze Body":false,"Lock Position":false,"Auto Reel":false,"Auto Equip Random Bait":false,"Hide Identity":false,"Auto Use Totem Day/Night":false}